,単語,意味
0,survey,調査
1,interview,面接(する)
2,exhibition,展示
3,conference,会議
4,available,利用可能な、入手可能な
5,annual,毎年の
6,equipment,装置
7,department,部門、売り場
8,refund,返金
9,receipt,領収書
10,schedule,〜を予定する
11,meeting,会議
12,customer,顧客
13,employee,社員
14,actually,実際は
15,according to,~によると、~に従って
16,change,小銭
17,contact,〜と連絡を取る
18,purchase,購入する／購入品
19,provide,提供する
20,building,建物
21,probably,おそらく
22,delay,遅れる
23,opportunity,機会
24,agree,賛成する
25,invoice,請求書、送り状
26,appointment,約束
27,increase,増加する
28,piece,作品
29,participate in,参加する
30,collect,集める
31,once,いったん…すると
32,currently,現在は
33,process,〜を処理する
34,problem,問題
35,experience,〜を経験する
36,tour,視察
37,while,〜している間に／…の一方で
38,center,中心地／センター
39,supervisor,監督者
40,suggestion,提案
41,coupon,クーポン
42,receive,受け取る
43,participant,参加者、関係者
44,note that,ご注意ください
45,confirm,確認する
46,meet,（要求）を満たす
47,reduce,（費用を）削減する
48,concern,懸念、関心ごと
49,way,方法／道
50,special,特別料理
51,prepare,〜を準備する
52,renovation,改修
53,early,早い
54,view,視野、観る
55,return,〜を返す
56,approve,〜を認める、許可する
57,budget,予算
58,team,チーム
59,recently,最近
60,shop,買い物をする
61,fine,罰金
62,home,家
63,reservation,予約
64,additional,追加の
65,medical,医療の
66,move,引っ越す
67,resource,資源
68,show,展示会
69,design,設計する
70,total,合計の
71,presentation,プレゼンテーション
72,bring,持ってくる／もたらす
73,improve,〜を改善する
74,several,いくつか
75,news,知らせ
76,service,貢献
77,through,…を通して
78,until,…まで
79,passenger,乗客
80,produce,〜を生産する
81,allow,〜を許す
82,representative,代表者
83,check,小切手
84,leave,〜を残す
85,issue,問題
86,price,価格、値段／~に値段をつける
87,last,続く、待つ
88,promote,推進する、昇進する
89,hold,開催する
90,idea,考え
91,industry,産業、業界
92,feature,〜を呼び物にする
93,replacement,交代
94,pay,給料
95,update,〜を更新する
96,director,取締役
97,hire,雇う
98,floor,階
99,course,課程
100,museum,美術館、博物館
101,recommend,〜を勧める
102,great,優れた
103,install,〜をインストールする
104,member,メンバー
105,size,大きさ
106,management,管理、経 営、経営陣
107,review,レビュー、復習
108,sincerely,心から、心底
109,logo,ロゴ
110,revise,～を修正する、改訂する
111,corporate,協力する
112,construction,建設
113,deadline,締め切り
114,sign,〜に署名する
115,replace,〜を交換する
116,find,気づく、発見する
117,register,登録する
118,merchandise,商品
119,important,重要な
120,open,開ける
121,facility,施設
122,identification,身分証
123,instead,その代わりに
124,before,〜よりも前に
125,remember,思い出す
126,public,公共の
127,submit,提出する
128,vacation,休日
129,guest,客
130,award,賞
131,discuss,〜を話し合う
132,cost,費用
133,wait,待つ
134,entrance,入り口、入学
135,program,番組
136,read,読む
137,choose,選ぶ
138,however,しかしながら
139,free,無料の／自由な
140,ticket,入場券
141,expand,〜を拡大する
142,application,申し込み
143,item,項目、品物
144,résumé,履歴書
145,vehicle,乗り物
146,park,公園／駐車する
147,council,会議
148,book,予約する
149,candidate,候補者
150,complete,〜を完成させる
151,discount,割引／~を無視する
152,quality,質
153,payment,支払い
154,arrange,〜を整理する
155,different,違う
156,project,〜を予想する
157,few,わずかな
158,after,〜の後で
159,subject,主題
160,already,既に
161,require,要求する
162,due,支払期日が来て
163,consider,〜を考慮する
164,ship,〜を発送する
165,possible,可能な
166,local,地元の
167,area,地域
168,into,…の中に
169,delivery,配送
170,professional,プロの
171,buy,買う
172,carry,〜を扱っている
173,belong,…に付属する
174,type,種類／類型
175,since,…以来
176,colleague,同僚
177,request,要求する
178,material,材料
179,fee,料金
180,each,それぞれの
181,benefit,給付
182,furniture,家具
183,again,再び
184,set,配置する
185,during,…の間に
186,sorry,すまなく思って
187,financial,財政の
188,be interested in,…に興味を持っている
189,attend,出席する、参加する
190,maintenance,メンテナンス
191,supply,供給
192,welcome,歓迎
193,conduct,〜を行う
194,report,報告(書)
195,begin,〜を始める
196,whether,~かどうか
197,upcoming,今度の
198,purpose,目的
199,research,研究
200,large,大きい／広い
201,encourage,勧める、促す
202,finish,…を終える
203,send,送る
204,charge,料金
205,decision,決定
206,inventory,在庫
207,publish,〜を出版する
208,think,…と思う
209,reception,歓迎会
210,display,〜を展示する
211,both,両方の
212,advance,進む、進歩
213,always,常に
214,plan,計画
215,ready,準備ができている
216,visit,訪問する
217,document,文書、書類
218,successful,成功した、うまく行く
219,class,クラス／種類
220,library,図書館、蔵書、コレクション
221,seminar,研究会
222,sell,売れる
223,close,近い
224,expect,〜を期待する
225,arrive,到着する
226,remove,〜を剥がす
227,position,地位
228,talk,会談
229,describe,〜を描写する、説明する
230,flight,飛行
231,repair,〜を修理する
232,training,訓練
233,a lot of,たくさんの
234,learn,学ぶ
235,unfortunately,残念なことに
236,people,人々
237,cancel,〜を中止する
238,include,含む
239,location,場所
240,client,顧客
241,place,置く
242,travel,行く
243,though,けれども／たとえ…しても
244,board,搭乗する
245,write,書く
246,feedback,フィードバック、反応、意見
247,performance,業績
248,soon,すぐ後
249,per,…につき
250,catering,仕出し、出前、ケータリング
251,ensure,〜を保証する
252,estimate,見積もり
253,potential,潜在的な
254,remind,思い出させる
255,intend,意図する
256,delighted,とても喜んでいる
257,despite,~にもかかわらず
258,specialize in,…を専門に扱う
259,complimentary,無料の
260,although,…だけれども
261,beverage,飲み物
262,honor,光栄
263,mayor,町長、市長
264,venue,会場、開催地
265,immediately,すぐに
266,sound,適切な
267,contemporary,現代の
268,badge,バッジ
269,appliance,器具
270,assist,助ける
271,inspection,検査
272,expire,契約が終了する、切れる
273,necessary,必要な
274,associate,同僚
275,paperwork,書類、書類作業
276,Excuse me.,すいません
277,Let’s,…しよう
278,remain,〜のまま
279,correct,正確な
280,continue,続ける
281,certainly,確かに、きっと
282,fabric,生地、織物
283,patient,忍耐
284,applicant,候補者
285,architect,建築家
286,attach,添付する、取り付ける
287,variety,種類
288,anyway,とにかく
289,conversation,会議
290,forget,忘れる
291,shuttle,往復運転で運ぶ
292,appear,〜のように見える（思える）
293,crew,乗務員
294,vote,投票、投票する
295,busy,忙しい
296,coworker,同僚
297,excellent,優れた
298,grocery,食料雑貨店
299,save,〜を貯蓄する、取っておく
300,cause,〜を引き起こす
301,attract,~をひきつける、魅了する
302,launch,開始、発売／開始する、発売する
303,status,地位、状況
304,procedure,手続き
305,invitation,招待
306,lobby,玄関ホール
307,realize,〜を実現する
308,effort,努力
309,mainly,主に
310,campaign,キャンペーン
311,key,手がかり
312,proposal,提案
313,greet,挨拶する、出迎える
314,negotiate,交渉する、協議する
315,quantity,量
316,behind,…の後ろに
317,comfortable,くつろいだ、快適な
318,expensive,高価な
319,head,〜を率いる
320,appreciate,感謝する、高く評価する
321,branch,枝
322,investment,投資
323,deposit,預金、預金する
324,difficult,難しい
325,temporary,一時の
326,protection,保護
327,wish,…すればよいのだが
328,film,映画
329,condition,条件
330,device,装置
331,personnel,職員、人事課
332,professor,教授
333,complaint,苦情
334,multiple,複数の
335,exchange,交換
336,manage,経営する
337,favorite,お気に入りの、大好きな
338,quite,とても
339,distance,距離
340,luggage,旅行かばん、手荷物
341,admission,入場許可
342,inquire,尋ねる、問い合わせる
343,ingredient,成分
344,technique,テクニック
345,attention,注意
346,consultant,コンサルタント、顧問
347,postpone,〜を延期する
348,revenue,歳入
349,speech,演説
350,highly,非常に
351,term,用語
352,agenda,議題
353,demonstration,実演
354,competition,競争
355,specific,特定の
356,rather,かなり
357,impress,〜に感銘を与える
358,fact,事実
359,signature,署名
360,payroll,給与、給与管理、賃金台帳
361,acknowledge,知らせる、認める
362,win,勝つ／獲得する
363,seem,見える
364,trouble,故障／不調
365,convention,総会、大会
366,task,任務、使命
367,without,…なしで
368,reschedule,〜を予定変更する
369,teach,教える
370,handle,操作する
371,distribute,配布する、分配する
372,suitable,適した、ふさわしい
373,between,…の間に
374,throughout,くまなく
375,choice,選択
376,official,役人、職員
377,region,
378,notify,〜に通知する
379,exercise,行使する
380,brochure,パンフレット
381,recognize,認める、見分ける、認識する
382,similar,似ている
383,usual,普通の
384,artwork,芸術作品
385,secure,~を確保する、固定する／安全な
386,lease,賃貸借（契約）／賃貸借する
387,excite,わくわくさせる
388,damage,損害、ダメージ
389,environment,環境
390,except,~を除いて、~を除外して
391,famous,有名な
392,nearly,ほとんど
393,renew,〜を更新する
394,manual,マニュアル
395,exceed,超える
396,worry,心配する
397,mind,気にする
398,figure,数字、人物
399,analysis,分析
400,search,捜索
401,ability,能力
402,ideal,理想的な
403,industrial,産業の
404,advise,助言する、意見する、忠告する
405,hard,難しい
406,transfer,転送する、乗り換える
407,expo,博覧会
408,landscape,風景
409,initiative,主導権
410,dining,食事をすること
411,laboratory,研究所、実験室
412,traditional,伝統的な
413,accommodate,〜をを収容する
414,title,肩書き
415,further,それ以上
416,vendor,業者、露天商、販売店
417,specialist,専門家
418,raise,賃上げ
419,spend,〜を費やす
420,consumer,消費者
421,gain,得る
422,various,様々な
423,often,たびたび
424,convenient,便利な
425,wear,〜を着ている
426,previous,以前の
427,fix,〜を修理する
428,standard,基準／標準の
429,solution,解決策、解決
430,else,その他に
431,understand,〜を理解する
432,tier,階層
433,together,一緒に
434,committee,委員会
435,congratulations,祝いの言葉
436,extend,〜を延長する
437,avoid,避ける
438,strategy,戦略
439,inform,知らせる
440,especially,特に
441,mistake,誤り
442,commercial,商業の
443,therefore,したがって
444,recruit,〜を募集する
445,topic,話題
446,contain,〜を含む
447,organization,組織
448,responsible,担当している、責任がある
449,bill,請求書、手形
450,either,いずれか／どちらかの
451,prefer,好む
452,interior,内側
453,involve,（人を）巻き込む、伴う、含む
454,executive,重役
455,traffic,交通、通行
456,assign,〜を割り当てる
457,far from,…から遠くに
458,warranty,保証
459,seek,捜し求める
460,nearby,近くの
461,effective,効果的な
462,permit,〜を認める、許可する
463,attempt,努力する
464,example,例
465,properly,ちゃんと、適切に
466,base,基地
467,clear,空いている
468,under,…の下に
469,response,返答、返事
470,surprise,驚かす
471,verify,実証する
472,better,より良い
473,reliable,信頼できる
474,subscribe,購読する、加入する
475,questionnaire,アンケート
476,itinerary,旅程表
477,degree,学位、程度
478,certificate,証明書
479,deal with,処理する
480,highlight,〜を強調する
481,neighborhood,地域
482,prior to,…より前に
483,significant,重要な
484,prescription,処方箋
485,eatery,食堂
486,be supposed to,…であると思う
487,eligible,資格のある
488,I’m afraid…,申し訳ありませんが…
489,broadcast,放送
490,definitely,確かに
491,implement,実行する
492,on behalf of,~を代表して
493,finally,ついに、最終的に
494,exclusive,独占的な
495,occur,起こる
496,predict,予測する
497,terminal,端末
498,in the meantime,その間に、話変わって
499,affordable,手ごろな、理にかなった
500,ceiling,天井
501,major,主な
502,directory,住所
503,regularly,定期的に
504,otherwise,さもないと
505,depart,（~を）出発する
506,introduction,紹介
507,impact,影響
508,worth,価値がある
509,decrease,減少する
510,beyond,～を超えて
511,whenever,…する時はいつでも
512,willing,~することを嫌がらない、~する気がある
513,college,(単科)大学
514,showcase,披露する／お披露目の場、ショーケース
515,formal,正式の、堅苦しい
516,adjust,〜を調節する
517,relevant,関連した
518,absolutely,完全に
519,district,地区
520,maximum,最大量／最大数
521,cuisine,料理
522,yield,収益、利益
523,approximate,およそ
524,clerk,事務員
525,fund,資金
526,decline,〜を断る
527,autograph,有名人のサイン
528,particular,特別な
529,uniform,制服
530,apologize,謝罪する
531,accessible,入手できる
532,instrument,楽器
533,photocopy,コピー
534,administrative,管理の
535,contribute,貢献する、寄付する
536,digest,要約／情報を消化する
537,classic,見事な／定番の
538,equally,同じように、均等に
539,enroll,〜に登録する
540,achievement,業績
541,in writing,書面で
542,donate,寄付する
543,decade,10年、10年間
544,temperature,温度
545,reflect,〜を映す、〜を反映させる
546,owe,借りている
547,normally,普通に、正常に
548,audience,観客
549,practical,実際の
550,hurry,急ぐ
551,unique,独特な
552,guarantee,〜を保証する
553,undergo,経験する
554,institute,機関
555,hardly,ほとんど〜しない
556,outstanding,優れた、目立った
557,aside from,…は別として
558,inside,…の中へ
559,baggage,手荷物
560,method,メソッド、方法
561,in a row,連続して
562,profile,プロフィール・紹介
563,emphasize,〜を強調する
564,handbook,入門書
565,satisfaction,満足
566,defect,欠陥
567,moment,瞬間
568,foundation,設立、基礎
569,clarify,明らかにする、はっきりさせる
570,auditorium,講堂
571,exit,出口
572,recipient,受領者、受取人
573,progress,前進、進行
574,decorate,飾る
575,guess,推測する
576,unless,~しない限り、~の場合を除き
577,efficiency,効率
578,ladder,はしご
579,quick,速い
580,workplace,職場
581,durable,耐久性のある
582,merger,合併、買収
583,priority,優先事項
584,primary,最も重要な
585,input,〜を入力する
586,monitor,監視する／（コンピュータの）モニター
587,entire,全体の
588,structure,構造
589,individual,個々の
590,finalize,〜を仕上げる、終わらせる
591,evidence,証拠
592,stack,〜を積み重ねる
593,qualify,資格を得る、~に資格を与える
594,regulation,規則
595,summary,概要、要約
596,compact,小型の
597,constant,絶え間なく続く
598,gather,集まる
599,shortly,間もなく
600,incorporate,取り入れる、組み込む
601,projector,プロジェクター
602,panel,委員会
603,layout,レイアウト
604,fare,運賃
605,determine,〜を決定する
606,accomplishment,業績
607,simple,単純な
608,aware,気付いて
609,tenant,賃借人、入居者
610,pleasure,喜び
611,demand,需要
612,blueprint,設計図
613,advantage,利点
614,dental,歯科の
615,metro,地下鉄
616,overhead,諸経費
617,waterproof,防水の
618,language,言語
619,perfect,完璧な
620,above,…の上方に
621,luck,幸運
622,exactly,正確に、厳密に
623,influence,影響
624,urgent,緊急の
625,valuable,貴重な
626,assess,〜を評価する
627,cashier,レジ係
628,dedicate,捧げる
629,earn,〜を稼ぐ、得る
630,from scratch,ゼロから
631,a couple of,2つの
632,social,社会の
633,connect,接続する、つなぐ
634,plenty of,たくさん
635,overnight,翌日配達の
636,clearance,在庫一掃、清算、許可
637,onto,…の上へ
638,sponsorship,資金援助
639,flexible,柔軟な
640,automatically,自動的に
641,alone,ただ一人の
642,nutrition,栄養
643,familiar,よく知っている、おなじみの
644,patron,愛用者、利用者
645,entry,登録
646,broad,広い
647,steady,しっかりとした
648,transaction,取引
649,delicious,とてもおいしい
650,checkout,レジ、チェックアウト
651,wheelbarrow,手押し車
652,explore,〜を探検（調査）する
653,promise,約束する
654,anticipate,〜を見越す、予想する
655,cafeteria,社員食堂
656,society,社会
657,anniversary,~周年記念日
658,evaluation,評価
659,handout,配布資料
660,direct,直接
661,appropriate,適切な
662,common,一般的な
663,general,全体的な
664,whole,全体の
665,proud,多大な
666,compare,比較する
667,numerous,たくさんの
668,networking,ネットワークづくり
669,acquire,買収する、得る、獲得する
670,establish,設立する
671,overseas,海外の
672,discover,発見する
673,envelope,封筒
674,newly,新たに
675,expose,〜を暴露する
676,means,手段
677,quarter,四半期
678,internship,インターンシップ
679,walkway,歩道
680,medication,薬、医薬
681,format,フォーマット／構成
682,conservation,保護、保存
683,below,…より下に
684,profit,利益
685,volume,容量
686,restore,復旧させる、取り戻す
687,satisfy,〜を満足させる
688,knowledge,知識
689,compliment,褒め言葉
690,oversee,監督する
691,judge,判断する、裁く、評価する／裁判官
692,retire,〜を退職する
693,huge,巨大な
694,frequent,頻繁な
695,initial,初めの、当初の
696,expert,専門家／専門的な
697,approach,〜に近づく
698,refreshment,軽食
699,incredible,すばらしい
700,furthermore,さらに
701,municipal,地方自治体の
702,overview,概要
703,sufficient,十分な
704,refill,詰め替え品
705,talent,才能
706,aspect,側面
707,nevertheless,それでもなお
708,tuition,授業料
709,persuade,説得する
710,regardless of,…にかまわず
711,comprehensive,総合的な、包括的な、理解力のある
712,eliminate,〜を除外する
713,enhance,向上させる、強化する
714,perhaps,おそらく
715,premise,敷地、仮定
716,remark,〜を述べる
717,scheme,(事業)計画
718,generate,生み出す
719,conclude,結論をを出す
720,adjacent to,隣接した
721,likewise,同様に
722,prospect,見込み
723,capability,能力
724,enormous,莫大な、巨大な
725,checkup,検査
726,substitute,代替する
727,failure,失敗
728,massive,巨大な
729,enlarge,拡張する、増築する
730,moderate,適度な
731,reject,〜を拒絶する
732,interruption,妨害
733,fluctuate,変動する
734,generous,気前のいい
735,consecutive,連続した
736,intermediate,中級の、中間の
737,aisle,通路
738,deserve,（賞賛・処罰）〜に値する
739,sightseeing,観光
740,readability,読みさすさ
741,meanwhile,その間に、それまでは
742,majority,大多数
743,postal,郵便の
744,voice,意見
745,foreign,外国の
746,fieldwork,現地調査
747,checklist,一覧表
748,keynote,基調となる
749,minimum,最小の
750,expertise,専門知識
751,flaw,欠陥、欠点
752,token,印
753,outcome,結果
754,enterprise,企業
755,prevent,防ぐ、阻む
756,scholarship,奨学金
757,import,〜を輸入する
758,amazing,驚くべき
759,fortunate,幸運な
760,illustrate,〜を説明する
761,urgency,緊急
762,hesitate,ためらう、躊躇する
763,represent,〜を代表する
764,surpass,超える
765,destination,目的地
766,behavior,振る舞い
767,proficiency,熟達、スキルの高さ、高い能力
768,function,関数、機能
769,recreation,休養、娯楽
770,recall,〜を思い出す、〜を回収する
771,beforehand,あらかじめ
772,downstairs,階下へ
773,sustain,〜を維持する
774,translate,翻訳する
775,transcript,成績証明書
776,confident,確信している、自信がある
777,overcome,乗り越える、克服する
778,anymore,もはや
779,utility,公共料金、公共サービス
780,allocate,割り当てる
781,whereas,~の一方で
782,accustom,慣れさせる
783,forecast,予報
784,resign,〜を辞職する
785,reasonable,手ごろな、理にかなった
786,incline,…に気が向く
787,spokesperson,代弁者
788,utensil,台所用品
789,accurate,正確な
790,bid,入札／入札する
791,prototype,試作品、原型
792,fiscal,会計の
793,spectator,観客
794,inconvenience,不自由
795,income,収益、利益
796,situation,状況
797,moreover,さらに
798,fantastic,すばらしい
799,detour,迂回路
800,amateur,アマチュア
801,genre,ジャンル
802,thus,このようにして、したがって
803,tend to do,…する傾向がある
804,overflow,溢れる
805,browse,見て回る、拾い読みする
806,validate,…だ正しいことを証明する
807,examine,〜を診察する、〜を調べる
808,quote,見積もり
809,reward,報酬
810,typical,典型的な
811,guidebook,ガイドブック
812,mission,任務、使命
813,average,平均の
814,asset,財産、強み
815,usage,使い方
816,respectively,それぞれ
817,instant,即時の、緊急の
818,archive,公文書保管所、書庫
819,vacancy,欠員
820,enthusiastic,熱心な
821,mere,単なる
822,seldom,滅多に〜しない
823,workforce,全従業員、労働力
824,occupy,占有する
825,competence,能力
826,opposite,反対側の
827,utilize,〜を利用する
828,intensive,集中的な
829,insight,洞察、洞察力
830,skip,〜を抜かす
831,explanation,説明
832,devote,捧げる
833,discontinue,生産や販売の継続を止める
834,truly,本当に
835,kickoff,開始
836,entertainment,娯楽
837,neutral,中立の
838,biography,伝記
839,precise,正確な
840,factor,要因、要素
841,conform,従う、一致する
842,eventually,結局は
843,reputation,評判
844,curb,縁石
845,innovative,革新的な
846,malfunction,誤作動、(機械などの)不調
847,crucial,非常に重要な
848,prerequisite,必要条件
849,reluctant,気が進まない
850,principle,主義
851,perceive,理解する
852,cooperation,協力、協業
853,controversial,議論の余地のある
854,reinforce,強化する
855,worldwide,世界的な／世界中で
856,empty,〜を空にする
857,fundamental,基本的な
858,heritage,伝統、遺産
859,sensitive,デリケートな、感受性の鋭い
860,execute,実行する
861,gradually,徐々に
862,declare,〜を宣言する
863,beside,…のそばに
864,struggle,奮闘する
865,domestic,国内の
866,duration,継続期間
867,complicated,複雑な
868,maintain,〜を維持する
869,origin,起源
870,infrastructure,社会基盤
871,dramatic,劇的な
872,engagement,婚約
873,calculate,〜を計算する
874,installment,分割払いの1回分
875,population,人口
876,manuscript,原稿
877,imagine,〜を想像する
878,encounter,直面する、遭う、出くわす
879,milestone,段階
880,concept,概念／コンセプト
881,reimburse,〜を返済する
882,freelance,フリーランス
883,useful,役に立つ
884,excessive,過度な
885,absence,欠席／欠如
886,reply,〜に応答する、返答する
887,shortage,不足
888,scope,範囲、余地
889,landlord,家主
890,background,経歴
891,bargain,お買い得品、取引
892,invaluable,貴重な
893,remote,人里離れた、可能性が低い
894,cite,〜に言及する
895,coincidence,偶然
896,rapid,急速な
897,feasible,実現可能な
898,streamline,合理化する、簡略化する
899,quota,販売ノルマ
900,attribute,起因すると考えられる、おかげであるとする
901,forthcoming,今度の
902,overwhelming,圧倒的な
903,adequate,十分な
904,mandatory,義務の、強制の
905,redeem,(現金に)換える
906,apprenticeship,見習い期間
907,culinary,料理の
908,applause,拍手
909,discard,捨てる
910,overlook,〜を見落とす
911,proceeds,収益、利益
912,aboard,船に乗って
913,adhere,忠実である、実行する、接着する
914,commission,手数料
915,specification,仕様書
916,convince,確信させる、納得させる
917,specify,明記する
918,disclosure,公開
919,projection,予測
920,outlay,出資金
921,prohibit,禁じる
922,expedite,早める、促進させる
923,mentor,助言者
924,offset,埋め合わせる
925,remodel,〜を改築する
926,nursery,園芸店
927,resolve,解決する
928,dismantle,解体する
929,chronicle,年代記
930,turnout,参加者数
931,bulk,大部分
932,resume,再開する
933,inlay,はめ込む
934,obstacle,障害物
935,retrieve,〜を取り戻す、〜を回収する
936,compliance,法令遵守
937,undertake,〜を引き受ける
938,endeavor,努力する
939,unload,（荷物など）を降ろす
940,adopt,採用する、導入する
941,adapt,適応する、適応させる、改作する
942,abandon,捨てる
943,congestion,混雑
944,prestigious,権威のある、誉れ高い
945,acclaim,ほめたたえる
946,deliberate,故意の、入念な
947,designate,〜を…に任命する
948,attest,証明する
949,stroll,散歩する
950,amend,修正する
951,praise,ほめる、賞賛する
952,nominate,〜を指名する
953,retain,保管する、持ち続ける
954,slate,予定する
955,novice,初心者
956,alternative,代わりの／代案、選択肢
957,admire,〜に感心する
958,gratitude,感謝
959,compile,取りまとめる、編集する
960,duplicate,複製
961,affiliate,子会社
962,tailor,仕立屋、テーラー
963,aspire,熱望する
964,tutor,教師
965,alike,似た
966,compensate,補償する
967,periodic,定期的な
968,disturb,〜をかき乱す、〜を混乱させる
969,candid,率直な
970,anonymous,匿名の
971,assure,〜を保証する
972,thoroughly,徹底的に
973,imprint,刻み込む
974,disrupt,混乱させる
975,afterward,あとで
976,originate,起源とする
977,versatile,多才な
978,bypass,迂回路
979,awning,日よけ
980,ample,広大な
981,contrast,対照、はっきりした違い／対照的である
982,fragile,壊れやすい
983,coin,(新語を)造り出す
984,promptly,即座に
985,unconventional,型にはまらない
986,conditional,条件付きの
987,accountable,責任がある
988,landmark,ランドマーク、目印、名所
989,steep,険しい、急激な
990,await,待つ
991,intermittent,断続的な
992,pursue,追及する、遂行する、続行する
993,exposition,説明／展示会
994,cozy,居心地のよい
995,overhaul,改善
996,rundown,手短な報告
997,roundup,総括
998,neither,どちらも…でない
999,enclose,〜を同封する
1000,labor,労働
1001,explain,〜を説明する
1002,experiment,実験
1003,find out,発見する、気がつく
1004,relatively,比較的
1005,infer,推察する、考える
1006,following,次の
1007,accomplish,達成する
1008,refer,参照する、言及する、（人を）紹介する
1009,demonstrate,実演する
1010,booking,（ホテルや乗り物の）予約
1011,assemble,〜を組み立てる
1012,obey,従う
1013,contract,契約
1014,agency,代理店
1015,double,〜を2倍にする
1016,release,〜を公表する
1017,a couple of ~,２、３の
1018,relax,ゆるめる、和らげる
1019,profitable,儲かる
1020,introduce,〜を導入する
1021,destroy,破壊する
1022,graduate,卒業生
1023,pleased,喜んで
1024,entertain,〜を楽しませる
1025,argue,議論する、口論する
1026,likely,ありそうな【副】たぶん
1027,lead,~を導く
1028,star,主演する、呼び物にする
1029,state,〜を述べる
1030,basis,基礎
1031,suffer,（被害など）を被る
1032,propose,〜を提案する
1033,environmental,環境の
1034,clothing,衣服
1035,pick up,~を車で拾う、迎えに行く、受け取る
1036,tradition,伝統、しきたり
1037,exclude,〜を排除する
1038,take part in,参加する、出場する
1039,possess,〜を所有する
1040,exhibit,展示物、展示会／展示する
1041,invest,投資する、注ぎ込む
1042,opening,空き、開店、就職口
1043,session,時間、集まり
1044,host,〜を主催する
1045,transform,変える、変容させる
1046,note,〜ということに気をつける
1047,notice,通知
1048,instruct,〜に指導する
1049,dispute,論争する
1050,deliver,〜を配達する
1051,participate,参加する、関与する
1052,simulate,まねる、模倣する
1053,apply,応募する、応用する
1054,instruction,説明書、説明、指示
1055,membership,会員
1056,loosen,ゆるめる
1057,based,拠点のある、基づく
1058,focus,注目する
1059,result,結果／（結果的に）生じる
1060,mail,郵送する
1061,shift,〜を変える、移動させる
1062,accept,〜を受け入れる
1063,admiration,感心、称賛
1064,latest,最新の
1065,availability,手に入ること、利用できること
1066,transportation,交通手段
1067,announce,〜を公表する
1068,set up,設置する
1069,blame,~のせいにする、非難する
1070,policy,政策
1071,indicate,示す
1072,impression,印象
1073,sweep,〜を掃除する
1074,reserve,〜を保留する
1075,resident,居住者
1076,offer,〜を提供する、申し出る
1077,create,〜を生み出す
1078,go over ~,~をじっくりと調べる
1079,mention,〜を述べる
1080,load,荷物を積む
1081,production,製造、生産
1082,favor,願い
1083,employer,雇用主
1084,fire,〜を解雇する
1085,located,位置して
1086,profitability,収益性
1087,analyze,〜を分析する
1088,publication,出版物
1089,commute,通勤する
1090,stock,在庫
1091,information,情報
1092,detail,詳細
1093,downtoun,中心街の／中心街に［で］／中心街
1094,attain,達成する
1095,treat,〜を治す
1096,graduation,卒業（式）
1097,relationship,関係
1098,turn in,提出する、返却する
1099,corporation,会社
1100,regarding,~に関して
1101,recover,取り戻す、回復する
1102,article,記事、（契約書など）の条項、品物
1103,contribution,業績
1104,renovate,改装する、修理する
1105,confess,告白する
1106,growth,成長
1107,considerable,（量や程度が）かなりの
1108,sign up for,申し込む
1109,reduction,削減
1110,regard,みなす、考える
1111,solve,〜を解決する
1112,pass out,配る
1113,activity,活動
1114,refuse,〜を拒否する
1115,print,活字体で書く
1116,authorize,権限を与える、資格を与える
1117,counsel,助言する、相談する
1118,advertising,広告（業）、宣伝（活動）
1119,stop by,立ち寄る
1120,correctly,正しく、正確に
1121,saving,節約、値引き
1122,water,〜に水を撒く
1123,prove,〜を証明する
1124,firm,固い
1125,rank,位置する
1126,pour,〜を注ぐ
1127,datermine,決定する、決意する
1128,lay off,解雇する
1129,selection,品揃え
1130,feed,〜に餌を与える
1131,present,与える、提示する
1132,object,目的
1133,face,〜と向き合う（〜に直面する）
1134,fuel,燃料
1135,skill,技術
1136,bear,〜に耐える
1137,temporarily,一時的な
1138,preserve,〜を保護する
1139,forward,〜を転送する【副】前へ
1140,because of ~,~のせいで、~のおかげで
1141,enough,十分な／十分に
1142,vary,変わる
1143,qualified,資格のある
1144,coordinate,（複数の人や物）をまとめる、調整する
1145,distribution,分配
1146,affect,に影響を与える
1147,boost,~を強化する、増加させる
1148,take care of ~,~の世話をする
1149,account,口座
1150,constructive,建設的な、前向きな
1151,look up,調べる
1152,reason,理由、動機
1153,export,〜を輸出する
1154,finance,財政
1155,defend,~を（攻撃から）守る、（~を）防御する
1156,rely on,~に依存する、頼る
1157,implication,影響、暗示、言葉の意味合い
1158,proportion,比例、（~に対する）割合、比率
1159,inovolve,~を伴う、（人）を巻き込む
1160,grant,〜を与える
1161,tip,アドバイス、秘訣
1162,alter,〜を変える
1163,operation,営業
1164,proof,証拠、証明
1165,enthusiasm,熱意
1166,seriously,真剣に
1167,imply,ほのめかす、暗示する
1168,accompany,〜に同行する
1169,settle,〜を解決する、〜に住む
1170,stimulate,〜を刺激する
1171,correspondence,（文書などの）やりとり、通信
1172,found,設立する
1173,point out,指摘する
1174,reference,照会先、照会、参照
1175,possibility,可能性
1176,fill out,記入する
1177,determination,決意すること、決断力の強さ
1178,inspect,検査する
1179,regret,残念に思う、悔いる
1180,discussion,議論、話し合い
1181,acquisition,（企業の）買収、獲得
1182,draw,引く、描く
1183,retailer,小売業者
1184,break,休憩
1185,address,演説する
1186,bring up,持ち出す、提起する、育てる
1187,restrict,~を制限する
1188,develop,開発する、発達する
1189,hang,かける、吊るす
1190,expectation,見込み
1191,locate,所在を探し当てる
1192,role,役割
1193,match,試合
1194,pharmaceutical,製薬の、調剤の
1195,interest,利子
1196,post,地位
1197,spread,〜を広げる
1198,comfortably,快適に、楽に
1199,organize,〜を組織する
1200,trust,信用／~を信用する
1201,challenge,難問
1202,catalog,目録を作る、分類する
1203,obtain,保つ
1204,electricity,電気、電力
1205,permission,許可
1206,enable,可能にする
1207,afford,〜を買う余裕がある
1208,foreigh,外国の、異質の
1209,proceed,進む、続行する
1210,indispensable,必須の、絶対必要な
1211,take over,引き継ぐ
1212,achieve,達成する
1213,sign up,~に登録する、契約する
1214,operate,操作する、運営する
1215,wave,波
1216,compete,競争
1217,unit,1個、単位
1218,suspect,~だろうと思う、疑う
1219,stress,〜を強調する
1220,arrangement,準備
1221,glance,ちらっと見ること
1222,chair,議長を務める
1223,evaluate,〜を評価する
1224,simplify,~を単純化する、簡素化する
1225,widen,広げる
1226,administrate,運営する
1227,polish,磨く
1228,consist,から成る、で構成される
1229,reach,到着する
1230,combine,〜を統合する
1231,foresee,予見する、予測する
1232,lower,下げる、低くする
1233,divide,〜を分ける
1234,tie,結ぶ
1235,paid,有給の、支払い済みの
1236,observe,（法律など）を守る、〜を観察する
1237,hand out,配る
1238,surround,〜を囲む
1239,conserve,保存する、保護する
1240,plug,差し込む、接続する
1241,rent,〜を賃貸する
1242,hang up,電話を切る
1243,appeal,〜を訴える
1244,sew,縫う
1245,entitle,資格を与える
1246,memo,社内連絡
1247,take place,行われる
1248,lean,寄りかかる、立て掛ける
1249,ease,和らげる、容易にする
1250,run out,が不足する、尽きる
1251,store,〜をしまい込む
1252,editor,編集者
1253,identify,〜が誰かわかる
1254,paddle,パドルで漕ぐ
1255,appoint,〜を…に任命する
1256,leading,トップの
1257,advertise,〜を宣伝する
1258,try on,試着する
1259,limited,限られた
1260,experienced,経験豊かな
1261,author,著者
1262,directly,直接に、直行して
1263,balance,残高
1264,relief,安らぎ、緩和、除去
1265,vase,花瓶
1266,supplier,サプライヤー
1267,patio,テラス、中庭
1268,line,在庫商品、回線
1269,packaging,梱包、パッケージ
1270,description,描写
1271,period,期間
1272,property,財産
1273,capacity,生産能力
1274,extension,内線
1275,celebration,お祝い、祝典
1276,flyer,チラシ、広告
1277,assistance,支援
1278,study,研究
1279,headquarters,本社
1280,effect,影響
1281,cutlery,食器
1282,intended,意図された、向けられた
1283,expense,費用
1284,satisfied,満足した
1285,resonable,（値段が）手ごろな、妥当な
1286,donation,寄付
1287,unable,できない
1288,legal,合法な
1289,agreement,協定
1290,warehouse,倉庫
1291,recommendation,推薦
1292,claim,主張する、不満を言う
1293,insurance,保険
1294,departure,出発
1295,effrctive,効果的な
1296,former,前の
1297,modern,現代の
1298,option,選択
1299,efficient,効率的な
1300,manufacturer,メーカー、製造者
1301,agricultural,農業の
1302,historical,歴史（上）の
1303,helpful,役立つ、助けになる
1304,range,範囲
1305,setting,環境
1306,related,関連した
1307,simply,簡単に、単に
1308,promotion,販売促進
1309,concerning,~に関する
1310,fit,（fitはサイズが）合う
1311,arrival,到着
1312,component,部品
1313,enjoyable,楽しい
1314,existing,従来の、既存の
1315,landscaping,造園
1316,occasion,機会
1317,connection,接続、つながり、関連、乗り継ぎ
1318,eager,熱心な
1319,fairly,まあまあ
1320,guided,ガイド付きの
1321,advanced,先進の
1322,atmosphere,雰囲気、大気
1323,separate,〜を分ける
1324,occasionally,時々
1325,serious,深刻な
1326,brief,短い、短時間の
1327,strength,強さ、強度、（液体等の）重さ
1328,full-time,常勤の
1329,overall,全体の／全体として
1330,informal,形式ばらない、非公式の
1331,complex,複雑な
1332,renowned,名高い、著名な
1333,depend on ~,~次第である、~に頼る
1334,sudden,突然の
1335,look forward to ~,~を楽しみにする
1336,electronic,電子
1337,preparation,準備、用意
1338,access,接近、アクセスする
1339,duty,役割
1340,security,警備
1341,exception,例外
1342,acceptable,受け入れられる
1343,particularly,特に
1344,in advance,事前に
1345,own,〜を所有する
1346,involved,関わった
1347,economical,経済的な、節約の
1348,case,事例
1349,automobile,自動車
1350,staff,スタッフ
1351,possibly,ひょっとしたら
1352,market,市場
1353,rise,上る
1354,sales representaive,販売員、営業担当者
1355,salary,給料
1356,fulfill,実行する
1357,in the event of ~,万一~の場合には
1358,reflection,熟考、反射
1359,weigh,〜の重さを測る
1360,development,開発
1361,governor,知事
1362,practice,習慣
1363,strict,厳しい
1364,responsibility,責任
1365,impressive,印象的な
1366,defeat,敗北
1367,establishment,機関
1368,favorable,好意的な
1369,label,~にラベル［レッテル］を貼る／ラベル
1370,extra,追加の
1371,clerical,事務員(事務の)
1372,institution,機関
1373,substance,物質、実体
1374,awareness,意識
1375,pile,〜を積み重ねる
1376,shipment,発送
1377,installation,インストール、取り付け
1378,occupation,職業
1379,chemical,化学物質
1380,pharmacy,薬局
1381,media,媒体、マスメディア
1382,railing,手すり
1383,competitive,競争力のある
1384,trend,傾向
1385,diner,食事客
1386,microscope,顕微鏡
1387,exclusively,独占的に
1388,stool,（背もたれのない）いす
1389,fellow,仲間
1390,party,一行、集まり
1391,hospitality,おもてなし
1392,bureau,案内所、事務局
1393,guidelines,指針、ガイドライン
1394,series,連続、シリーズ
1395,tourism,観光事業、観光客
1396,debate,討論する
1397,concentration,集中
1398,edition,版
1399,wealth,豊富さ、富
1400,minutes,議事録、分
1401,journey,旅行、行程
1402,generation,世代、代、同時代
1403,draft,下書き、草案
1404,completion,完成
1405,comfort,快適さ
1406,savings,貯蓄
1407,division,部門
1408,kitchenware,台所用品
1409,excuse,弁解、口実
1410,difficulty,困難
1411,measure,対策、手段
1412,drawing,スケッチ
1413,rate,率
1414,presence,存在感、出席
1415,chief,長、上司
1416,economy,経済
1417,output,生産高
1418,shelter,避難所、収容施設
1419,alert,警報、警告
1420,drawer,引き出し
1421,memorandum,社内文書、覚え書き
1422,packet,小包、袋
1423,productivity,生産性
1424,plant,〜を植える
1425,cancellation,取り消し、キャンセル
1426,wing,ウイング、ビルの一角
1427,lawn,芝生
1428,copy,（本・雑誌などの）冊・部、写し
1429,work,作品、仕事
1430,authority,権威
1431,amount,量
1432,pedestrian,歩行者
1433,scale,はかり
1434,disease,病気
1435,suburb,郊外
1436,distinctive,独自の、特色となる
1437,persuasion,説得、説得力
1438,acceptance,受け入れ
1439,slope,坂、斜面
1440,discretion,裁量の自由、分別
1441,lack,不足
1442,analyst,アナリスト、専門の分析者
1443,sponsor,広告主
1444,secretary,秘書
1445,manager,上司、管理者
1446,medicine,薬
1447,workload,仕事量
1448,share,〜を共有する
1449,negotiation,交渉
1450,faucet,蛇口、注ぎ口
1451,critical,批判的な、危機的な、重大な
1452,fluent,流暢な、堪能な
1453,order,順番、注文
1454,deal,取引
1455,state-of-the-art,最先端の、最新の
1456,content,内容
1457,carefully,慎重に
1458,contrary,正反対の
1459,package,（梱包した）荷物
1460,disposal,（不要物の）処理、処分
1461,economic,経済の、経済上の
1462,urge,強く促す
1463,extremely,きわめて、非常に
1464,transport,~を輸送する
1465,direction,道順
1466,crowded,混雑した
1467,due to ~,~のせいで、~のおかげで
1468,attire,衣装、服装
1469,popularity,人気
1470,crop,作物、収穫量
1471,relative,親戚
1472,both A and B,AもBもどちらも
1473,permanent,永久的な
1474,slightly,わずかに
1475,value,価値
1476,excerpt,抜粋、引用
1477,mechanical,機械の
1478,dentist,歯科医
1479,native,出身の／出身の人
1480,handling,取り扱い、出荷作業
1481,column,柱、コラム
1482,findings,（研究・調査の）結果、わかったこと
1483,retail,小売り
1484,exact,正確な
1485,closely,蜜に、注意深く
1486,reminder,再確認、お知らせ
1487,loyal,忠実な
1488,record,〜を記録する
1489,promising,前途有望な
1490,committed,熱心に取り組む、献身的な
1491,receptionist,受付係
1492,comparison,比較
1493,pesticide,殺虫剤
1494,lean over ~,~に身を乗り出す
1495,border,国境
1496,element,要素
1497,portrait,肖像画
1498,intersection,交差点
1499,minimize,~を最小限にする
1500,bulletin,掲示、公報
1501,caution,注意、警告
1502,goods,商品
1503,optimistic,楽観的な
1504,exam,試験
1505,recent,最近の
1506,suppose,（~を真実だと）思う
1507,aim,目標
1508,plumbing,配管（工事）
1509,wage,給料
1510,investigation,調査
1511,actual,実際の、現実の
1512,takeoff,離陸、出発
1513,employment,職業、雇用
1514,statement,声明
1515,upset,怒った
1516,field,分野、競技場
1517,product,商品
1518,adjustment,調整、調節
1519,theme,テーマ、論題
1520,lighthouse,灯台
1521,summarize,要約する
1522,slight,ほんのわずかの
1523,fountain,噴水
1524,improvement,改善(点)
1525,routine,日課の
1526,shelf,棚
1527,oppointment,会う約束、アポイントメント
1528,mortgage,抵当／~を抵当に入れる
1529,couple,二つ、一対
1530,certain,確かな、ある〜
1531,commuter,通勤者
1532,solid,堅実な、しっかりとした
1533,recession,不景気
1534,deserted,人気のない
1535,sealed,密封された
1536,current,現在の
1537,acting,代理の、事実上の
1538,dominant,支配的な、圧倒的な、主要な
1539,independent,自主性のある
1540,viable,実行可能な
1541,capable,容量のある
1542,attractive,魅力的な
1543,satisfactory,満足な
1544,determined,断固とした、決定した
1545,physical,身体的な
1546,principal,主な
1547,mobile,移動式の
1548,functional,実用的な
1549,round-trip,往復旅行の
1550,rewarding,やりがいのある、実りの多い
1551,tight,不足している
1552,out of order,故障して
1553,respectful,敬意を表する
1554,protective,保護用の
1555,another,もう一つの、別の
1556,seated,座った、座らせられた
1557,abroad,海外で、国外へ
1558,athletic,運動好きな、運動選手用の
1559,greatly,大いに、非常に
1560,on average,平均して
1561,accordingly,したがって
1562,trustworthy,信頼できる、信用できる
1563,superior,優れた
1564,consistently,常に、変わらず
1565,registration,登録
1566,proudly,誇らしげに、堂々と
1567,rejection,拒絶、断ること
1568,formally,正式に、フォーマルに
1569,preference,好み、希望
1570,heavily,大量に、非常に頻繁に、重く
1571,transact,（取引、業務など）を行う
1572,surprisingly,驚くほど
1573,target,目標
1574,rapidly,急速に
1575,customize,カスタマイズする、特別注文に応じて作る
1576,side by side,横に並んで
1577,climate,気候
1578,currency,通貨
1579,matter,重要である
1580,kindly,親切に、どうぞ～してください
1581,rest,休む
1582,approximately,おおよそ
1583,firmly,固く、確固として
1584,nervous,緊張して
1585,respect,敬意
1586,no later than ~,遅くとも~
1587,publicly,公的に、公然と
1588,evenly,平らに、均一に
1589,regardless of ~,~にかかわらず
1590,in common,共通に、共同に
1591,plenty of ~,たくさんの~
1592,readily,容易に
1593,copyright,著作権
1594,statistics,統計
1595,lately,最近
1596,sustainable,持続可能な、維持できる
1597,in person,直接会って、じかに
1598,participation,参加
1599,necessarily,必ずしも~でない、必然的に
1600,credit,信用貸し
1601,sharply,急激に、鋭く
1602,withdraw,〜を引き出す
1603,somewhat,いくぶん、ある程度
1604,sort,種類
1605,sharp,鋭い、（頭が）さえる
1606,widely,広く
1607,political,政治の
1608,altogether,合計して、全部で
1609,take advantage of ~,~を上手く利用する
1610,increasingly,ますます
1611,in spite of ~,~にもかかわらず
1612,including,含めて
1613,artifical,人工的な、作り物の
1614,besides,加えて
1615,active,活動的な、活発な
1616,via,～経由で
1617,in charge of,~を担当している、~の責任がある
1618,activate,~を始動・稼動させる
1619,relocate,移転させる、引っ越す
1620,inquiry,問い合わせ
1621,assembly line,（工場の）組み立てライン
1622,vision,理想像
1623,unfortunate,不幸な
1624,be absent from ~,~を欠席する
1625,original,最初の
1626,borrow,〜を借りる
1627,absent,欠席の、不在の
1628,ban,~を禁止する／禁止
1629,sum,~を合計する／合計
1630,grateful,感謝している
1631,souvenir,お土産、記念品
1632,either A or B,AかBかどちらか
1633,disappointing,期待はずれの
1634,distant,遠く離れた
1635,rare,珍しい
1636,abolish,〜を廃止する
1637,spacious,広々とした、ゆったりとした
1638,surely,確かに、きっと
1639,random,無作為の、任意の
1640,challenging,困難だがやりがいのある、意欲をかきたてる
1641,competitor,競争相手
1642,insist,〜を主張する
1643,valued,重要な、高く評価された
1644,press,報道機関
1645,slanted,傾斜した、斜めの
1646,previously,以前は
1647,submission,提出物、提出、投稿
1648,distinct,はっきり異なる、独特な
1649,requirement,必要条件、必要なもの
1650,casual,堅苦しくない、くだけた
1651,unlikely,ありそうにない
1652,consent,同意する、承諾する／同意、承諾
1653,organized,組織化された、有能な
1654,compromise,妥協する
1655,tool,道具
1656,equal,同じ、平等な
1657,equality,平等、等しいこと
1658,luxury,贅沢
1659,to some degree,ある程度まで
1660,yearly,年1回の、毎年の
1661,extensive,広範囲にわたる
1662,timely,タイミングの良い、タイムリーな
1663,citizen,市民
1664,fixed,固定した、一定の
1665,approval,承認
1666,severe,厳しい、シビア、真面目な
1667,deprive A of B,AからBを奪う
1668,besed,基づいた
1669,unveil,~を公表する、明らかにする
1670,substantial,かなりの、実在する
1671,diligent,勤勉な
1672,personal,個人的な
1673,inspire,~を引き起こす、~にひらめきを与える
1674,narrow,狭い、細い
1675,neither A nor B,AでもBでもない
1676,patterned,模様のついた
1677,courteous,丁寧な、礼儀正しい
1678,promotional,販売促進の
1679,exhaust,〜を疲れ果てさせる
1680,thorough,徹底的な、完璧な
1681,stockholder,株主
1682,extreme,極端な
1683,prompt,迅速な
1684,ignore,〜を無視する
1685,furnished,家具付きの
1686,train,~を教育する、訓練する／電車
1687,willingly,喜んで、進んで
1688,desirable,望ましい
1689,pay attention to ~,~に注目する、注意する
1690,weekly,毎週の
1691,stable,しっかりとした
1692,accountant,会計士
1693,in-house,社内の、内部の
1694,profession,職業
1695,private,私的な、民間の
1696,personalize,自分流にする
1697,memorable,記憶に残るような、印象的な
1698,amusing,面白い、楽しい
1699,alternate,〜を変える、交代する
1700,dependable,信頼できる
1701,suspend,〜を一時停止する
1702,select,選択する
1703,probability,確率、可能性、見込み
1704,remenber,~を覚えている、~を思い出す
1705,feel free to ~,自由に~する
1706,initiate,〜を始める
1707,expiration,期限切れ、（契約などの）終了
1708,disregard,〜を無視する
1709,creative,創造的な
1710,track,跡
1711,positive,積極的な、前向きな
1712,interact,交流する
1713,applcation,申し込み、応用
1714,administer,管理する
1715,publicize,宣伝する
1716,familiarize,慣らす、習熟させる
1717,outfit,装備する
1718,coverage,カバレッジ
1719,serve as,~としての機能を果たす
1720,stem,起因する
1721,poll,世論調査
1722,neglect,〜を無視する
1723,wildlife,野生生物
1724,witness,目撃者
1725,inclined to,~する傾向がある
1726,timepiece,時計
1727,put off,延期する
1728,invantory,在庫、在庫品、棚卸
1729,precede,先行する
1730,remedy,治療
1731,commerce,商業
1732,complement,合う、補完する
1733,pillar,柱、大黒柱
1734,enforce,施行する、実行する
1735,carrier,配送業者
1736,banquet,宴会
1737,rinse,〜をゆすぐ
1738,collaboration,協力、共同制作
1739,audit,会計検査、監査する
1740,physician,内科医
1741,keep up with,遅れないようについていく
1742,valid,有効な
1743,voucher,引換券、割引券
1744,upgrade,〜をアップグレードする
1745,carpenter,大工
1746,capture,〜を捕まえる
1747,textile,織物
1748,fasten,結ぶ、留める
1749,mechanic,機械工
1750,legislation,法律
1751,consume,消費する
1752,measurement,寸法、測定
1753,integrate,統合する
1754,fund-raising,資金調達のための、慈善の
1755,admit,〜を認める
1756,accomplished,熟達した、スキルの高い
1757,orientation,オリエンテーション、 教育指導
1758,critic,評論家
1759,house,〜を収容する
1760,cleaner’s,クリーニング屋
1761,precision,正確さ
1762,attend to,対応する
1763,drop off,~を（車から）降ろす
1764,look into,吟味する、詳しく調べる
1765,subscription,定期購読
1766,storage,保管、貯蔵
1767,counterpart,相当する人（物）
1768,commend,〜を褒める
1769,incident,偶然の出来事
1770,commence,〜を開始する
1771,stapler,ホチキス
1772,redeen,~を回復する、取り戻す、~を現金に換える
1773,surrounding,周辺の
1774,conclusion,結論
1775,mount,〜を実施する
1776,perspective,観点
1777,anticipated,待ち望まれた
1778,prior,前の
1779,assessment,評価、診断
1780,dissolve,溶ける
1781,aircraft,航空機
1782,consult,相談する
1783,advocate,提唱者、支持者／提唱する
1784,escort,付き添う、送り届ける
1785,dairy,乳製品、酪農場、酪農業／牛乳の、乳製品の
1786,librarian,図書館員
1787,screen,画面
1788,trademark,商標
1789,inherit,（財産などを）相続する
1790,phase,段階
1791,inn,宿、ホテル
1792,limitation,弱点
1793,engage,参加する、従事する
1794,custodian,管理人、守衛
1795,specialize,専門にする
1796,transit,輸送、通過
1797,equip,備え付ける、装備する
1798,logistics,物流
1799,invert,逆にする
1800,correspondent,特派員
1801,overtime,時間外に
1802,pension,年金
1803,refrain,やめる、差し控える
1804,consequence,結果
1805,modify,修正する
1806,premises,敷地
1807,defective,欠陥のある
1808,emphasis,強調、重点
1809,dispose,処分する
1810,athlete,スポーツ選手
1811,interfere,妨害する
1812,attorney,弁護士
1813,quarterly,四半期の
1814,transition,移行、移り変わり
1815,convert,改造する、変える
1816,reorganization,組織再編
1817,revolve,循環する、展開する
1818,laundry,洗濯（物）
1819,overwhelm,圧倒する
1820,justification,正当化
1821,extended,長期の、長時間の
1822,fixture,設備、備品
1823,strive,努力する
1824,suegery,手術
1825,furnish,備え付ける
1826,take on,引き受ける
1827,harvest,収穫、〜を収穫する
1828,sue,訴訟する
1829,compartment,一区画
1830,fold,〜を折りたたむ
1831,absord,吸収する、理解する
1832,outline,概要を説明する／概要
1833,shareholder,株主
1834,condense,濃縮する、要約する、短縮する
1835,belongings,所持品、所有物
1836,excursion,遠足
1837,impose,課す、負わせる、強制する
1838,territory,担当地区、領地
1839,statue,像
1840,sculpture,彫刻
1841,contractor,請負業者、契約業者
1842,manner,方法、やり方
1843,urban,都会の、都市の、都会での
1844,assume,～だと想定する
1845,outlook,見通し
1846,withstand,〜に耐える
1847,commitment,約束、献身
1848,detect,見つける、検知する
1849,leak,漏れる
1850,latter,後者
1851,inhabit,〜に住む
1852,ownership,所有（権）、所有者であること
1853,sentiment,意見
1854,transmit,伝達する
1855,outlet,直売店
1856,compose,構成する、組織する
1857,handful,少数、少量
1858,motivate,〜に動機を与える
1859,pastry,焼き菓子
1860,concentrate,集中する
1861,plumber,配管工
1862,tackle,〜に取り組む
1863,listing,一覧
1864,characteristic,特徴／特徴的な
1865,resist,〜に耐える
1866,sector,部門、分野
1867,interval,間隔
1868,extent,程度
1869,lead to,もたらす
1870,combined,共同の、連合の
1871,distinguish,区別する
1872,draw up,作成する
1873,furnishings,家具、備品、調度品
1874,gathering,集会、集まり
1875,subsidize,助成金を払う
1876,accumulate,〜を貯める
1877,florist,花屋
1878,technician,技師
1879,dispatch,派遣する
1880,dependence,依存
1881,reverse,逆にする、くつがえす
1882,lodging,宿泊施設
1883,dedicated,熱心な
1884,consideration,検討、考慮、配慮
1885,revitalize,活性化する
1886,stain,染み
1887,assert,〜を断言する、主張する
1888,persistence,粘り強さ
1889,exceptional,非常に優れた
1890,remainder,残り
1891,partial,部分的な
1892,diagnosis,診断
1893,patronage,愛顧、後援
1894,sidewalk,歩道
1895,jouenal,専門誌
1896,luncheon,昼食会
1897,alliance,事業提携、提携関係
1898,faculty,学部
1899,dealership,販売特約店
1900,array,大量、多数
1901,obligation,義務
1902,constraint,制約
1903,household,世帯
1904,garment,衣類
1905,conflict,対立
1906,displeasure,不愉快、不満
1907,precaution,予防策
1908,indicator,指標
1909,circulation,発行部数
1910,veterinarian,獣医
1911,typically,通常、典型的に
1912,digit,桁
1913,entirety,全体、全部
1914,restriction,制限
1915,portfolio,作品集
1916,compensation,補償、埋め合わせ
1917,craftspeople,職人
1918,detergent,洗剤
1919,incentive,報酬、刺激
1920,accommodations,宿泊施設
1921,comparable,同等の、匹敵する、類似の
1922,patent,特許
1923,terms,観点、条件、言葉
1924,assortment,詰め合わせ、分類
1925,subordinate,部下
1926,destruction,破壊、倒壊
1927,publicity,評判、広告
1928,recognition,認識
1929,residence,住宅
1930,confines,範囲、制約
1931,rainfall,降雨、雨量
1932,debut,デビュー
1933,postage,郵便料金
1934,moisture,湿気
1935,morale,士気
1936,paycheck,給料
1937,acquaintance,知人
1938,politician,政治家
1939,to date,今まで
1940,afterwards,その後で
1941,wholesale,卸売り
1942,exceptionally,並外れて、非常に
1943,inclusive,すべてを含んだ、含めて
1944,repeatedly,繰り返し
1945,generally,一般的に
1946,after all,結局
1947,regional,地域の
1948,precisely,正確に
1949,subsequent,それに続く
1950,prominently,目立って、傑出して
1951,costly,費用のかかる、高価な
1952,reportedly,伝えられるところでは
1953,occupied,（部屋、座席、ベッド等が）使われている
1954,on commission,歩合制で
1955,knowledgeable,知識豊富な
1956,concentrated,集中的な、濃縮された
1957,confidential,機密の
1958,on track,軌道に乗って
1959,in question,問題になっている
1960,informally,くだけて、非公式に
1961,circumstance,状況
1962,intentionally,意図的に
1963,abundant,豊富な
1964,considerate,思いやりがある、理解がある
1965,roughly,おおよそ
1966,splendid,素晴らしい
1967,swiftly,すばやく、迅速に
1968,consequently,結果的に
1969,doubtful,疑わしい
1970,given,~を考慮すると、~と仮定すると
1971,proficient,堪能な、熟達した
1972,courtesy of,~の好意により
1973,noticeable,容易に気付く
1974,portion,部分、一人分の食事
1975,prospective,見込みのある、将来の
1976,instrumental,重要な役割を果たす
1977,last-minute,間際での
1978,immense,巨大な
1979,speculation,推測
1980,commonly,一般に、通常、ふつうに
1981,supplement,補う／付録、付記、栄養補助食品
1982,agreeable,快適な、心地良い
1983,understaffed,人手不足の
1984,evident,明らかな
1985,rarely,滅多に〜しない
1986,prsuasive,説得力のある
1987,logical,妥当な、論理的な、筋の通った
1988,securely,しっかりと、安全に
1989,lumber,材木、製材
1990,noted,有名な
1991,commemorate,祝う、記念する
1992,unpredictable,予測できない、法外な
1993,voluntary,ボランティアの
1994,conscious,意図的な
1995,deprive,奪う
1996,timeline,予定表
1997,dismiss,〜を解雇する
1998,demanding,きつい
1999,rafting,（いかだやゴムボートでの）川下り
2000,simultaneous,同時に起こる
2001,consolidate,統合する
2002,tidy,きちんとした、整頓された
2003,diverse,多種多様な、たくさんの種類の
2004,syndicate,複数の新聞に同時に配給する
2005,outdated,時代遅れの
2006,revert,戻る
2007,pilot,試験的な
2008,beneficial,有益な
2009,essential,不可欠の
2010,freight,貨物、輸送、輸送料／輸送する
2011,aggressive,攻撃的な、積極的な
2012,endorse,支持する
2013,adjacent,~に隣接した
2014,discontinued,（製造・販売が）終了した
2015,joint,共同の
2016,pertain,該当する
2017,mentoring,メンター制度
2018,liable,義務がある
2019,spill,〜をこぼす
2020,vast,広大な
2021,carry out,行う、実行する
2022,investigate,〜を調査する
2023,personalized,個人に合わせた、名前入りの
2024,subtle,気付きづらい、見つけにくい
2025,diversify,多様化する
2026,inactive,怠惰な、活動していない
2027,neighboring,近隣の
2028,deplete,使い果たす
2029,situated,位置している
2030,inevitable,避けられない
2031,speculate,予測する
2032,picturesque,絵のように美しい
2033,superb,素晴らしい
2034,recount,詳しく話す
2035,considerably,かなり
2036,managerial,管理職の、経営上の
2037,minimal,最小の
2038,intervene,介在する、口をはさむ
2039,inclement,荒れ模様の、厳しい
2040,delete,〜を削除する
2041,solicit,求める
2042,comprehend,〜を理解する
2043,legible,判読できる
2044,emerging,新たに現れた、新興の
2045,exhausted,疲れ切った
2046,preliminary,予備の
2047,thrilled,とてもわくわくして、大喜びした
2048,disclose,〜を公表する
2049,external,外部の
2050,embark on,着手する、乗り出す
2051,allowable,許される、許容できる／手当、許容量
2052,scenic,眺めがいい、景色の
2053,sophisticated,洗練された、高性能の
2054,scatter,まきちらす
2055,revolutionary,革命的な
2056,acclaimed,絶賛されている、評価された
2057,informative,有益な
2058,concede,譲歩する
2059,compulsory,義務的な
2060,delegare,委譲する、委任する
2061,vacant,空の、空いた、欠員の
2062,resistant,耐えられる、抵抗力のある
2063,designated,指定された
2064,disseminate,普及させる
2065,horizontal,水平の
2066,nationwide,全国的な／全国的に
2067,entertaining,おもしろい、愉快な
2068,file,〜を整理する
2069,ordinary,普通の
2070,applaud,拍手する
2071,permissible,許容される、容認できる
2072,datergent,洗剤
2073,identical,同一の
2074,resemble,〜に似ている
2075,tentative,仮の
2076,hands-on,実地の、実用的な
2077,fame,名声
2078,emerge,現れる
2079,profound,深遠な
2080,plummet,急落する
2081,unanimous,全員一致の
2082,spectacular,見事な
2083,ceremonial,儀式上の、形式的な
2084,modest,控えめな
2085,entrepreneur,起業家
2086,notable,注目すべき、有名な
2087,authentic,本物の
2088,break down,故障する
2089,genuine,本物の
2090,introductory,入門の、最初の、お試しの
2091,dilute,薄める
2092,premier,最高の、トップの
2093,screening,上映、検査
2094,embarrassing,恥ずかしい
2095,rectify,是正する
2096,put through,電話をつなぐ
2097,reveal,明らかにする
2098,lengthy,長期にわたる、冗長な
2099,utmost,最大の
2100,certified,有資格の、公認の
2101,misplace,紛失する、置き忘れる
2102,competent,有能な
2103,reminisce,懐かしむ
2104,coincide,同時に起こる
2105,vertical,垂直な
2106,subsidiary,子会社
2107,automated,オートメーション化された
2108,procrastinate,先延ばしにする
2109,variable,変えられる
2110,disruption,混乱、妨げ
2111,distinguished,著名な、有名な
2112,incur,（損失や罰金等を）受ける
2113,shorthanded,人手が不足して
2114,subside,弱まる
2115,wasteful,無駄の多い
2116,ongoing,進行中の、続いている
2117,inferior,劣っている
2118,comply,従う
2119,periodical,定期刊行物
2120,suited,適任である
2121,portray,描写する、表現する
2122,hourly,1時間単位の
2123,pull into,車を寄せる
2124,arbitrary,恣意的な、任意の
2125,reunion,同窓会、再会
2126,objective,目標
2127,facilitate,容易にする、促進する
2128,unfavorable,否定的な
2129,rigorous,厳格な、厳密な
2130,endangered,絶滅危惧の
2131,diagnose,診断する
2132,delicate,壊れやすい
2133,steadily,徐々に
2134,embrace,積極的に受け入れる、快諾する
2135,preferable,望ましい
2136,terminate,終わらせる
2137,negotiable,交渉可能な
2138,itemize,箇条書きにする
2139,apparent,明らかな、明白な
2140,outweigh,上回る
2141,waive,免除する、放棄する
2142,on-site,社内の、現場の
2143,shorten,〜を短くする
2144,adverse,良くない、不利な、逆の
2145,occupancy,占有、占有人数
2146,ancient,古代の
2147,controversy,論争
2148,conservative,控えめな
2149,credentials,資格、経歴、資質
2150,concise,簡潔な
2151,oversight,見落とし、手落ち、監視
2152,drapery,カーテン
2153,resolution,決議、決定
2154,continuous,連続の
2155,turnaround,立て直し、好転、処理時間
2156,suspicious,疑いのある
2157,clasp,留め具、金具
2158,vital,重要な、不可欠な
2159,pavement,舗装道路
2160,scrutiny,綿密な調査、凝視
2161,conventional,従来の
2162,excess,超過
2163,detailed,詳細な、細かい
2164,concession,譲歩
2165,inspiring,やる気が出るような、活気づける
2166,amendment,修正案
2167,remarkable,注目すべき
2168,apprentice,見習い、実習生
2169,regrettable,残念な
2170,countless,数え切れない
2171,liaison,連絡係、調整
2172,mutual,相互の
2173,depression,不況
2174,intermission,休憩時間
2175,retention,保持
2176,unforeseen,想定外の
2177,amenity,娯楽、生活を便利にするもの
2178,enthusiastically,熱心に
2179,exclusion,除外
2180,ambitious,野心のある
2181,superintendent,監督、管理者
2182,roster,当番表
2183,in conjunction with,~と関連して
2184,barely,かろうじて、やっと
2185,momentum,勢い
2186,strikingly,著しく
2187,lapse,時間の経過／失効する、うっかりミスをする
2188,tenure,在任期間
2189,voluntarily,自発的に、自主的に
2190,independently,単独で、独立して
2191,bond,債券
2192,remuneration,報酬
2193,observance,行事、順序
2194,premium,保険料
2195,accrued,未収の
2196,tutorial,指導書、個別指導
2197,commensurate,釣り合った、比例した、見合った
2198,pointless,無意味な
2199,overwhelmingly,圧倒的に
2200,stringent,厳しい
2201,anecdote,逸話
2202,integral,重要な
2203,fertilizer,肥料
2204,admirable,称賛に値する
2205,proofread,校正する
2206,surplus,黒字
2207,exempt,免除された
2208,aspiring,~志望の、~になろうとする
2209,internal,内部の
2210,assorted,詰め合わせの
2211,obligatory,義務的な
2212,interoffice,社内の、オフィス間の
2213,supplementary,付加的な
2214,mutually,互いに、相互に
2215,obsolete,古式の
2216,periodically,定期的に
2217,prohibitive,高額な、法外な
2218,obstruct,（通路や視界を）ふさぐ、さえぎる
2219,sluggish,停滞した、不景気な、のろい
2220,fierce,熾烈な、荒々しい
2221,stagnant,停滞気味の
2222,solely,唯一、一人で、単独で
2223,insufficient,不十分な
2224,devise,考案する、立案する
2225,negligent,無頓着な
2226,foster,〜を促す
2227,resounding,際だった
2228,hypothesis,仮説
2229,correspondingly,それに応じて
2230,predecessor,前任者
2231,tentatively,仮に、試験的に
2232,adoption,採用
2233,rightfully,正しく、正当に
2234,emphatically,断固として、きっぱりと
2235,accelerate,加速させる、拍車をかける
2236,customarily,習慣的に
2237,outage,停止
2238,thereby,それにより
2239,condiment,調味料
2240,incidentally,たまたま、ついでに言えば
2241,appraisal,評価
2242,comparatively,比較的
2243,inadvertently,不注意に、うっかり
2244,distraction,気を散らすもの、注意の妨げになるもの
2245,eloquently,雄弁に
2246,newlywed,新婚者
2247,contractually,契約により
2248,association,協会
2249,literally,文字通り
2250,deduct,〜を差引く
2251,delegation,代表団、委譲
2252,in keeping with,~に沿って、準拠して
2253,synthetic,合成の
2254,in accordance with,~に従って、~と一致させて
2255,amid,~に囲まれて
2256,query,質問、疑念
2257,in light of,~を考慮すると
2258,patiently,根気よく、我慢強く
2259,pending,~を待つ間、~まで
2260,resumption,再開、回復
2261,thoughtfully,深く考えて、思慮深く、配慮して
2262,ratio,比率
2263,abridged,要約された、短縮された
2264,turnover,離職率
2265,carpool,相乗りする／相乗り
2266,qualification,資格
2267,compatible,相性が良い、互換性がある、共存できる
2268,dietary,食事の
2269,explicit,明白な、明確な
2270,objection,反対
2271,keenly,痛烈に、鋭く
2272,persuasive,説得力のある
2273,plaque,盾
2274,masterpiece,傑作
2275,centerpiece,中心に置かれる装備品、中心になるもの
2276,outing,外出、ピクニック
2277,privileged,光栄な
2278,vessel,船
2279,recur,再発する
2280,respondent,回答者
2281,skeptical,懐疑的な、疑い深い
2282,artifact,（歴史的・文化的価値のある）工芸品、手工品
2283,conjecture,推測、憶測
2284,breathtaking,息をのむほどの、驚くべき
2285,subsidy,補助金、助成金
2286,cubicle,個別の作業スペース
2287,innovation,革新
2288,perishable,傷みやすい、腐りやすい
2289,sequence,連続、順番
2290,avid,熱心な、熱烈な
2291,affiliation,提携
2292,vicinity,近所、近辺
2293,lasting,長続きする
2294,affiliated,提携した、関連のある
2295,definitive,決定版の、最終的な
2296,insightful,洞察的な
2297,demolish,（建物を）解体する、取り壊す
2298,provisional,仮の、暫定的な
2299,redeemable,（現金や商品と）交換可能な
2300,preparatory,予備的な
2301,insulation,（音、熱、電気等を）防ぐこと
2302,ethical,論理的な
2303,deteriorate,悪化する
2304,consistant,一致した、一貫性のある
2305,bearer,（小切手やクーポン等の）持参人
2306,nutritious,栄養のある
2307,unprecedented,前例のない
2308,hazardous,危険な
2309,botanical,植物の、植物学の
2310,devoted,献身的な
2311,deliberation,熟考
2312,discreetly,分別を持って、思慮深く
2313,lucrative,儲かる
2314,entail,必要とする、~を伴う
2315,nominal,僅かな
2316,fluctuation,変動
2317,interpersonal,対人の、人と人との間の
2318,foremost,最高の、トップの
2319,widespread,広範囲にわたる
2320,imperative,急を要する、非常に重要な
2321,misleading,誤解を招く
2322,meticulously,細心の注意を払って、きちょう面に
2323,inaugural,就任の、最初の
2324,outreach,福祉活動、支援活動
2325,affluent,豊富な
2326,alleviate,和らげる、軽減する
2327,high-profile,人目を引く
2328,exemplary,模範的な
2329,gala,祝祭、祭り
2330,up-to-date,最新の
2331,mural,壁面
2332,intact,損傷のない
2333,proprietor,オーナー、所有者
2334,congested,混雑した
2335,testimonial,推薦文、推薦の声
2336,fraud,詐欺
2337,fluorescent,蛍光色の
2338,vigorous,熱烈な
2339,flawless,欠点のない
2340,retreat,研修旅行
2341,prosperous,繁栄している、裕福な
2342,forge,築く、構築する
2343,hostile,敵意のある
2344,impending,間近に迫った、差し迫った
2345,poised,態勢が整った
2346,objectionable,不快な、気に障る
2347,ambiguous,あいまいな
2348,repave,再舗装する
2349,conclusive,決定的な
2350,shortcoming,欠点、短所
2351,probationary,試用期間中の
2352,memorabilia,記念品、思い出の品
2353,successive,連続する
2354,jeopardy,危機、危険
2355,serial,連続する
2356,deviate,それる
2357,repetitive,反復的な
2358,forfeit,没収される、剥奪される／罰金、犠牲
2359,transparent,透明な
2360,bolster,強化する、補強する、鼓舞する
2361,applicable,適用される、あてはまる
2362,optimal,ベストの、最適な
2363,skilled,熟練の
2364,purveyor,供給業者、販売業者
2365,sleek,流線型の
2366,raffle,福引
2367,stranded,立ち往生した
2368,ventilation,換気、風通し
2369,classified,分類された
2370,unwavering,ゆるがぬ、断固とした
2371,sturdy,頑丈な、丈夫な
2372,exponentially,加速度的に、指数関数的に
2373,chairperson,議長
2374,table,表
2375,opinion,意見
2376,minute(s),議事録
2377,argument,議論
2378,church,教会
2379,business,商取引
2380,health,健康
2381,fever,熱
2382,stimulus,刺激
2383,hospital,病院
2384,plague,疫病
2385,breath,呼吸
2386,workout,運動
2387,ache,痛み、痛む
2388,organ,臓器
2389,fatal,致命的な
2390,wound,傷
2391,ritual,儀式
2392,restoration,回復
2393,preservation,保存
2394,bite,食事
2395,weight,重さ、体重
2396,height,高さ
2397,width,幅
2398,length,長さ
2399,consensus,同意
2400,viewpoint,観点
2401,standpoint,観点
2402,subjects,テーマ(主題)
2403,diagram,図
2404,newsletter,会報、ニュースレター
2405,announcement,発表
2406,discipline,規則
2407,career,職業
2408,license,ライセンス(複数) 
2409,requirements,資格
2410,qualifications,資格
2411,enclosure,同封物
2412,specifications,仕様書
2413,university,(総合)大学
2414,cousin,いとこ
2415,aunt,おば
2416,uncle,おじ
2417,daughter,娘
2418,son,息子
2419,platform,“(駅の)プラットフォ ーム”
2420,partnership,提携
2421,threat,脅威
2422,astronaut,宇宙飛行士
2423,bush,低木
2424,assignment,任務
2425,sales,販売
2426,unemployment,失業率
2427,generosity,気前の良さ
2428,attitude,態度
2429,character,性格
2430,mood,気分
2431,privilege,特権
2432,disappointment,失意
2433,desire,願望
2434,affair,問題
2435,machineries,機械
2436,components,部品
2437,transformation,変化
2438,assembly,組み立て
2439,(job) opening,欠員
2440,odor,臭い
2441,sink,流し
2442,basement,地下室
2443,message,メッセージ
2444,diversity,多様性
2445,ethics,倫理
2446,moral,モラル、道徳
2447,stereotype,固定観念
2448,bias,偏見
2449,prejudice,偏見
2450,site,サイト、場所
2451,skyscraper,超高層ビル
2452,undergraduate,大学生、学部生
2453,accommodation,宿泊施設
2454,code,規則
2455,diploma,卒業証書
2456,lecture,講義
2457,grade,成績
2458,scholar,学者
2459,psychology,心理学
2460,staircase,階段
2461,stairs,階段
2462,stairway,階段
2463,government,政府
2464,deregulation,規制緩和
2465,customs,税関
2466,right,正確な
2467,nation,国
2468,data,データ
2469,loyalty,忠誠
2470,trade,貿易する・商売する
2471,immigrant,移住
2472,fortune,財産
2473,estate,財産
2474,assets,財産
2475,holdings,財産
2476,real estate,不動産
2477,shot,注射
2478,cough,せき
2479,illness,病気
2480,sickness,病気
2481,yard,庭
2482,garden,庭
2483,housing,住宅
2484,housekeeping,家事
2485,deck,テラス
2486,suburbs,郊外
2487,outskirt,郊外
2488,land,着陸する
2489,garbage,ゴミ
2490,trash,ゴミ
2491,litter,ゴミ
2492,utilities,公共料金
2493,subway,地下鉄
2494,laundries,洗濯物
2495,surgeon,外科医
2496,appetite,食欲
2497,cancer,癌
2498,diabetes,糖尿病
2499,throat,喉
2500,chest,胸
2501,pain,痛み
2502,strain,ストレス
2503,court,裁判所
2504,law,法
2505,lawyer,弁護士
2506,(law)suit,訴訟
2507,education,教育
2508,scenery,風景
2509,sight,風景
2510,channel,経路
2511,lane,車線
2512,driver’s license,運転免許証
2513,identity,身元
2514,cab,タクシー
2515,motorbike,バイク
2516,mortercycle,バイク
2517,lot,用地
2518,surface mail,海上便
2519,one way,片道
2520,round trip,往復航空
2521,railway line,鉄道
2522,laggage,手荷物
2523,mess,散らかった状態
2524,crosswalk,横断歩道
2525,avenue,大通り
2526,route,道、道筋
2527,factory,工場
2528,election,選挙
2529,statesman,政治家
2530,childhood,子供時代
2531,minister,大臣
2532,congress,国会
2533,refugee,難民
2534,intervention,介入
2535,instructions,指示(複数)
2536,prospectus,案内書
2537,crack,ヒビ
2538,burden,重荷
2539,premiums,保険金
2540,breakdown,故障
2541,edge,縁、へり
2542,laptop,ノートパソコン
2543,surface,表面
2544,bottom,底
2545,frame,枠、額縁
2546,list,リスト、名簿
2547,operator,電話交換手、オペレーター
2548,offense,違反
2549,violation,違反
2550,defense,弁護
2551,grace,猶予、優雅さ
2552,punishment,処罰
2553,guilt,罪
2554,judgement,判断
2555,innocence,無実
2556,clue,手がかり
2557,assertion,主張
2558,defendant,被告人
2559,offender,犯罪者
2560,criminal,犯罪者
2561,jury,陪審員
2562,system,制度
2563,kind,種類
2564,article(s),記事(品物)
2565,cart,ショッピングカート
2566,advertisement,宣伝、広告
2567,downtown,都心
2568,dish,皿
2569,drops,農作物
2570,appetizer,前菜
2571,actor,俳優
2572,actress,女優
2573,full house,満員
2574,shipping,発送
2575,perishables,生鮮食品
2576,mall,ショッピングセンター
2577,cellphone,携帯電話
2578,container,容器
2579,workshop,講習会
2580,ornament,装飾品
2581,limit,限度
2582,aid,〜の助けとなる
2583,fair,見本市
2584,sympathy,同情
2585,bulletin board,掲示版
2586,advancement,昇進
2587,revision,修正
2588,rumor,噂
2589,custom(s),習慣(税関 )
2590,fate,運命
2591,destiny,運命
2592,index,指標
2593,faith,信頼
2594,sense,意味
2595,traffic (jam),交通渋滞
2596,examination,試験
2597,breakthrough,大発見
2598,dependent,扶養家族
2599,courtesy,好意
2600,sacrifice,犠牲
2601,affection,愛情
2602,reliability,信頼性
2603,chance,機会
2604,exhaustion,極度の疲労
2605,dissatisfaction,不満
2606,linen,テーブルクロス
2607,tablecloth,テーブルクロス
2608,time line,予定
2609,box office,切符売り場
2610,agent,業者、代理人
2611,capital,資本
2612,opening hours,営業時間
2613,parcel,小包
2614,clearlance,在庫処分セール
2615,wedding,結婚式
2616,meat,肉
2617,caterer,仕出し業者
2618,boss,上司
2619,quarrel,口論
2620,chairman,委員長
2621,board of directors,役員会
2622,human resource,人事
2623,section,課
2624,head office,本社
2625,chore,雑用
2626,part,役割
2627,correction,修正
2628,collection,収集
2629,holiday,休日
2630,welfare,福利厚生
2631,fatigue,疲労
2632,motivation,モチベーション、やる気
2633,business trip,出張
2634,farewell,送別会
2635,convenience,便利
2636,deficit,赤字
2637,loss,損失
2638,calculation,計算
2639,figure(out),数字(算出する)
2640,sum(up),合計、金額(合計する)
2641,expenditure,歳出
2642,tax,税金
2643,administration,管理
2644,visitor,訪問客
2645,takeover,企業買収
2646,consumption,消費
2647,buyout,買収
2648,franchise,フランチャイズ
2649,expansion,拡大
2650,goal,目標
2651,trial,挑戦、試み
2652,measures,対策
2653,sick leave,病欠
2654,attendant,出席者、店員
2655,attendance,出席
2656,involvement,関与
2657,discovery,発見
2658,telescope,望遠鏡
2659,particle,粒子
2660,surroundings,環境
2661,circumstances,事情、環境
2662,adventure,冒険
2663,drought,干ばつ
2664,disaster,災害
2665,weather,天気
2666,bridge,橋
2667,Antarctic,南極
2668,Arctic,北極
2669,heat,熱
2670,harm,危機、害
2671,risk,危険
2672,resources,資源
2673,species,種
2674,river,川
2675,city hall,市役所
2676,auditor,監査役
2677,liabilities,負債
2678,debt,借金
2679,debtor,債務者
2680,creditor,債権者
2681,default,債務不履行
2682,bookkeeping,簿記、経理
2683,gains,収益、利益
2684,returns,収益、利益
2685,earnings,収益、利益
2686,proceedings,議事録
2687,stuff,もの
2688,pollution,汚染
2689,peace,平和
2690,extinction,絶滅
2691,flood,洪水
2692,warning,警報、警告
2693,fault,責任
2694,era,時代
2695,allowance,手当
2696,retirement,退職
2697,desert,砂漠
2698,hill,丘
2699,cave,洞窟
2700,pond,池
2701,bay,湾
2702,(sea)shore,海岸
2703,prize,賞
2704,electrician,電気技師
2705,interpreter,通訳者
2706,invester,投資家
2707,consultation,相談
2708,deduction,控除
2709,loan,融資する、融資
2710,stock(-holder),株(株主)
2711,share(-holder),株(株主)
2712,dividend,配当
2713,down payment,頭金
2714,bankruptcy,倒産
2715,fraction,一部分
2716,pity,残念なこと
2717,relation,関係
2718,instructor,指導者
2719,drill,訓練
2720,boom,景気
2721,inflation,インフレ
2722,commodity,商品
2723,formula,製法
2724,penetration,進出
2725,monopoly,独占(権)
2726,novel,珍しい
2727,story,物語
2728,autobiography,自伝
2729,journal,定期刊行物
2730,literature,文学
2731,expedition,探検
2732,script,原稿
2733,criticism,批評
2734,plot,(物語の)筋、小区画
2735,version,版
2736,booklet,パンフレット
2737,pamphlet,パンフレット
2738,nature,資質、自然
2739,endeaver,努力
2740,supporter,支持者
2741,phenomenon,現象
2742,plunge,急落
2743,transmission,変速装置
2744,spectators,観客
2745,job,職業
2746,vocation,職業
2747,results,業績、結果
2748,cathedral,大聖堂
2749,barn,納屋
2750,papers,文書、書類
2751,letterhead,レターヘッド、タイト ル
2752,margin,幅、あまり
2753,thought,考え
2754,belief,信念
2755,doubt,〜を疑う
2756,hope,見込み
2757,anticipation,見込み
2758,collar,襟
2759,path(way),経路、小道
2760,office supplies,事務用品
2761,stationary,文房具
2762,scissors,ハサミ
2763,eraser,消しゴム
2764,glue,のり
2765,auction,オークション・競り
2766,brand,ブランド・商標
2767,tension,緊張関係
2768,leaflet,リーフレット
2769,flier,チラシ
2770,marchant,商人
2771,industory,産業
2772,dock,波止場
2773,room,余地
2774,poverty,貧困
2775,errand,お使い
2776,breathe,呼吸する
2777,cure,〜を治す
2778,stretch,（手足などを）〜を伸ばす
2779,farm,（土地などを）を耕す
2780,bury,を埋める
2781,start,〜を始める
2782,freeze,〜を凍結する
2783,bind,（包帯などで）縛る
2784,collapse,崩壊する【名】崩壊
2785,regulate,規制する
2786,deregulate,規制を緩和する
2787,embezzle,横領する
2788,threaten,〜を脅す
2789,miss,失敗する
2790,seat,座る
2791,stall,（車などを）をエンストさせる
2792,construct,建設する
2793,halt,〜を停止させる
2794,erect,〜を建てる
2795,build,〜を建てる
2796,rebuild,〜を再建する
2797,deepen,〜を深める
2798,prolong,〜を延長する
2799,tap,〜を開発する
2800,protect,〜を保護する
2801,oppose,〜に反対する
2802,immigrate,〜から移住する
2803,emigrate,〜へ移住する
2804,hail,〜を呼び止める
2805,complicate,〜を複雑にする
2806,decide,〜を決定する
2807,withhold,〜を保留する
2808,grasp,〜を理解する、〜を掴む
2809,question,〜を疑う
2810,interrupt,〜を遮る（邪魔する）
2811,pass,（議案）を可決する
2812,multiply,〜を増やす
2813,cooperate,協力する
2814,dig,〜を掘る
2815,omit,〜を省略する
2816,strengthen,〜を強化する
2817,plow,〜を耕す
2818,air,〜を放送する
2819,reproduce,〜を複製する
2820,suggest,〜を提案する
2821,protest,〜を主張する
2822,reconcile,〜を和解させる
2823,join,〜に参加する
2824,employ,〜を雇う
2825,stage,〜を実施する
2826,offend,〜の気分を害する
2827,annoy,～をイライラさせる
2828,hide,〜を隠す
2829,conceal,〜を隠す
2830,vow,〜を誓う
2831,swear,〜を誓う
2832,express,表現する
2833,crash,墜落する
2834,deny,〜を否定する
2835,condemn,〜を非難する
2836,comment,コメントする、論評する
2837,affirm,〜を断言する
2838,complain,苦情を言う
2839,worsen,悪化する
2840,extract,〜を引き抜く
2841,cover,〜を保証する、〜を償う、〜覆う
2842,insure,保険をかける
2843,insert,〜を挿入する
2844,arrest,〜を逮捕する
2845,lay,〜を置く
2846,absorb,〜を吸収する
2847,evolve,進化する、発展する
2848,drop,〜をやめる
2849,please,〜を喜ばせる
2850,soak,〜を浸す
2851,manufacture,〜を製造する
2852,beg,〜を乞う
2853,disappear,消える
2854,exist,存在する
2855,rub,〜をこする
2856,melt,〜を溶かす
2857,bake,〜を焼く
2858,define,〜を定義する
2859,suit,（条件に）合う
2860,lift,〜を持ち上げる
2861,disappoint,〜を失望させる
2862,puzzle,〜を困惑させる
2863,pretend,〜を装う、〜のふりをする
2864,invite,〜を招待する
2865,lose,〜を失う
2866,convey,〜を伝える
2867,cut,（費用を）削減する
2868,add,追加する
2869,supervise,〜を監督する
2870,perform,実行する
2871,cease,〜を中止する
2872,shrink,〜を縮小する
2873,run,経営する
2874,exert,行使する
2875,slip,悪化する
2876,refuel,〜に燃料を補給する
2877,lend,〜を貸す
2878,waste,〜を浪費する
2879,remit,送金する、放出する
2880,succeed,成功する、引き継ぐ
2881,spell,〜の結果をもたらす
2882,criticize,～を批評する
2883,exaggerate,誇張する
2884,congratulate,〜を祝う
2885,interpret,〜を通訳する、〜を翻訳する
2886,memorize,〜を暗記する
2887,near,〜に近づく
2888,respond,返答する
2889,bit,値段をつける・賭ける
2890,thrive,繁盛する
2891,prosper,繁盛する
2892,flourish,繁盛する
2893,overtake,〜を追い抜く
2894,sharpen,〜を磨く
2895,defy,〜を拒否する
2896,appraise,〜を評価する
2897,communicate,会話する、連絡する
2898,restrain,〜を抑える
2899,subcontract,下請けをする
2900,modernize,〜を近代化する
2901,flow,流れる
2902,fascinate,〜を魅了する
2903,clap,拍手する
2904,(in)formal,(非)公式の
2905,emotional,感情的な
2906,diplomatic,外交の
2907,ridiculous,馬鹿げた
2908,national,国家の
2909,visible,目に見える
2910,invisible,目に見えない
2911,statistical,統計上の
2912,consistent,首尾一貫した
2913,prime,最も重要な
2914,federal,連邦の
2915,boring,退屈にする
2916,educational,教育の、学校の
2917,generic,ノーブランドの
2918,sensible,賢明な
2919,keen,熱心な、敏感な
2920,sore,痛い
2921,honorable,立派な
2922,mental,精神的な
2923,neat,きちんとした
2924,rude,無礼な
2925,rural,田舎の
2926,missing,喪失
2927,organic,有機栽培の
2928,intelligent,頭の良い
2929,radical,急進的な
2930,prominent,著名な
2931,pleasant,楽しい
2932,fancy,高級な
2933,fascinating,魅力的な
2934,pessimistic,悲観的な
2935,polite,礼儀正しい
2936,smooth,滑らかな、平坦な
2937,wise,賢い
2938,sincere,誠実な
2939,smart,利口な
2940,clever,利口な
2941,legitimate,合法な
2942,illegal,法外な
2943,vivid,鮮明な
2944,loose,ゆるい
2945,interactive,双方向の
2946,technical,技術的な
2947,electric,電気の
2948,extraordinary,並外れた
2949,harsh,厳しい
2950,spare,余分な
2951,industrious,勤勉な
2952,precious,貴重な
2953,low,低い
2954,productive,生産性のある
2955,dizzy,めまいのする
2956,brilliant,優秀な
2957,assistant,補佐の
2958,unexpected,思いがけない
2959,ethnic,民族の
2960,main,主な
2961,decisive,決定的な
2962,eco friendly,環境に優しい
2963,green,緑
2964,humid,湿気のある
2965,negative,否定的な
2966,（in）valid,（無効な）有効な
2967,optional,選択の、任意の
2968,plain,明らかな
2969,concrete,具体的な
2970,considable,かなりの
2971,striking,際立った
2972,cruel,残酷な
2973,grave,重大な
2974,elaborate,入念な
2975,real,実際の
2976,bare,裸の
2977,global,グローバル
2978,irritating,腹の立つ
2979,nuclear,原子力の
2980,probable,ありそうな
2981,impossible,不可能な
2982,vague,曖昧な
2983,horrible,ひどく不快な
2984,dirty,汚い
2985,occasional,時々の
2986,proper,適切な
2987,retired,退職した
2988,grim,厳しい
2989,unavoidable,避けられない
2990,staple,重要な
2991,odd,奇妙な
2992,respective,それぞれの
2993,full time,常勤の
2994,part time,非常勤の、パートの
2995,handsome,見事な
2996,cutting edge,最先端の
2997,state of the art,最新の
2998,up to date,最新の
2999,obvious,明らかな
3000,influential,影響力の大きい
3001,rosy,明るい
3002,irrelevant,無関係の
3003,punctual,時間を守る、時間ぴったり
3004,acute,激しい
3005,second hand,中古の
3006,used,中古の
3007,raw,生の
3008,ugly,酷い
3009,vice,副〜
3010,senior,上級の
3011,uncommon,珍しい
3012,oral,口頭の
3013,harmful,有害な
3014,tough,困難な
3015,tiring,骨の折れる、大変な
3016,laborious,骨の折れる、大変な
3017,destructive,破壊的な
3018,unreasonable,法外な
3019,artificial,人工的な
3020,gross,総
3021,net,純粋な、正味の
3022,inadequate,不十分な
3023,worst,最悪の
3024,natural,天然の、自然な
3025,grand,広大な
3026,magnificent,広大な
3027,academic,学問の
3028,residential,住宅の
3029,deep,深い
3030,elderly,年配の
3031,adult,成人した
3032,grown up,成人した
3033,rich,裕福な
3034,fresh,新鮮な
3035,regarded,評価された
3036,awful,ひどい
3037,terrible,ひどい
3038,terrific,素晴らしい
3039,marvelous,素晴らしい
3040,decent,まずまずの
3041,plentiful,豊富な
3042,out of town,市外の
3043,dark,暗い
3044,overdue,支払期日が過ぎて
3045,bankrupt,破産した
3046,automatic,自動的な
3047,monetary,通貨の
3048,bright,明るい
3049,advantageous,有利な
3050,unpublished,未発表の
3051,monthly,毎月の
3052,daily,毎日の
3053,false,間違った
3054,tremendous,ものすごい
3055,female,女性の
3056,male,男性の
3057,stiff,厳しい、凝った
3058,religious,宗教的な
3059,worthwhile,（〜する）価値がある
3060,unusual,珍しい
3061,regular,規則的な
3062,tense,緊張した、張り詰めた
3063,coarse,下品な
3064,structural,構造上の
3065,winding,曲がりくねった
3066,flat,空気の抜けた
3067,unattended,放置された
3068,concerned,関係した
3069,quiet,静かな
3070,dangerous,危険な
3071,plainly,明らかに、わかりやすく
3072,diligently,勤勉に
3073,practically,ほとんど
3074,completely,完全に、全く
3075,collectively,集団的に
3076,sometimes,時々
3077,favorably,好意的に
3078,efficiently,効率的に
3079,apparently,どうやら〜
3080,yet,それにもかかわらず
3081,fortunately,幸いにも
3082,clearly,明らかに
3083,tightly,きつく
3084,intermediately,中間にあって、介在して
3085,adequately,十分に
3086,scarcely,ほとんど〜しない
3087,aloud,声に出して
3088,formerly,以前は
3089,originally,もともと
3090,annually,毎年
3091,concisely,簡潔に
3092,forever,永久に
3093,significantly,著しく
3094,strictly,厳しく
3095,fully,完全に
3096,accidentally,偶然に
3097,deliberately,故意に
3098,primarily,主に
3099,extensively,広範囲にわたり
3100,merely,単なる
3101,finely,細かく
3102,simultaneously,同時に
3103,frequently,頻繁に
3104,upstairs,階上へ
3105,ahead,控え
3106,conveniently,便利に、都合よく
3107,effectively,効果的に
3108,discovered,発見した
3109,hall,ホール、玄関
3110,homes,住宅、家(複数)
3111,gold,金
3112,good,良い
3113,automation,自動化
3114,events,イベント
3115,compared,比較した
3116,red,赤
3117,lunchroom,食堂
3118,cream,クリーム
3119,Johnson,ジョンソン
3120,Japanese,日本語、日本人の
3121,chairs,椅子(複数)
3122,delays,遅延する（三単現）
3123,pier,桟橋
3124,twice,2回
3125,boots,ブーツ
3126,metal,金属
3127,difference,差、違い
3128,owners,所有者(複数)
3129,Denison,デニソン
3130,breakfast,朝食
3131,shopping,ショッピング
3132,included,含まれていた
3133,goals,目標(複数)
3134,looked,見えた
3135,gave,を与えた
3136,printer,プリンター
3137,moving,移動している
3138,Sir,男性の敬称
3139,packages,パッケージ(複数)
3140,vehicles,車(複数)
3141,greater,より大きい
3142,increases,増加
3143,medium,中間の
3144,mentions,言及する、述べる(三単現)
3145,signed,署名した
3146,replaced,置き換えた
3147,ferry,フェリー
3148,rates,割合、レート(複数)
3149,offering,を提案している
3150,smoke,吸う、煙
3151,details,詳細(複数)
3152,charges,料金(複数)
3153,reasons,理由(複数)
3154,placed,配置した
3155,pacific,太平洋の
3156,contains,を含む(三単現)
3157,accounts,アカウント、口座(複数)
3158,festival,祭り
3159,covered,覆われた
3160,arrives,到着(三単現)
3161,umbrellas,傘(複数)
3162,filing,満たしている
3163,starting,開始している
3164,ran,走った
3165,David,デビッド
3166,cities,都市(複数)
3167,chips,チップ(複数)
3168,smoking,喫煙している、喫煙
3169,Hong Kong,香港
3170,king,王
3171,skiing,スキーをしている
3172,teaching,教えている
3173,worried,心配した
3174,pounds,ポンド(複数)
3175,cell,細胞
3176,sheet,用紙
3177,provided,提供した
3178,points,ポイント(複数)
3179,institutions,機関(複数)
3180,northern,北部の
3181,husband,夫
3182,Shanghai,上海
3183,uses,使用する(三単現)
3184,Singapore,シンガポール
3185,microwave,電子レンジ
3186,pet,ペット
3187,spot,スポット
3188,fail,失敗する
3189,residents,住民(複数) 
3190,tests,テスト(複数)
3191,turned,振り返った
3192,advised,忠告した
3193,British,英国人
3194,animal,動物
3195,box,ボックス
3196,groups,グループ(複数)
3197,poor,貧しい
3198,bags,かばん(複数) 
3199,cheaper,より安い
3200,buses,バス(複数) 
3201,eating,食べている
3202,ride,乗る、乗車
3203,Australia,オーストラリア
3204,tours,ツアー(複数)
3205,enjoyed,楽しんだ
3206,stand,立つ
3207,manufacturing,製造している
3208,drivers,ドライバー(複数) 
3209,energy,エネルギー
3210,believed,信じた
3211,worms,虫(複数) 
3212,programming,プログラミング
3213,zoo,動物園
3214,invented,発明した
3215,volunteers,ボランティア(複数)
3216,sooner,早く
3217,letters,手紙(複数)
3218,knife,ナイフ
3219,floods,洪水(複数) 
3220,moved,移動した、感動した
3221,website,ウェブサイト
3222,broke,壊れた
3223,operating,作動している
3224,July,7月
3225,courses,コース(複数)
3226,speed,速度
3227,cell phone,携帯電話
3228,tasks,タスク、仕事(複数)
3229,England,イングランド
3230,goes,行く(三単現)
3231,changed,変わった
3232,eastern,東部の
3233,devices,デバイス、装置(複数)
3234,silk,絹
3235,friend,友人
3236,dinner,夕食
3237,Kennedy,ケネディ
3238,speakers,スピーカー(複数)
3239,markets,市場(複数)
3240,ok,OK
3241,force,力
3242,sun,太陽
3243,salespeople,販売員(複数)
3244,Michigan,ミシガン
3245,spa,スパ
3246,efforts,努力(複数)
3247,central,中心の
3248,bonus,ボーナス
3249,increasing,増加している
3250,developing,開発している
3251,ocean,海
3252,fall,落ちる
3253,Chinese,中国語、中国人
3254,toothbrush,歯ブラシ
3255,Wilson,ウィルソン
3256,motorcycle,オートバイ
3257,fast,速い
3258,kitchen,台所
3259,stores,店舗(複数)
3260,December,12月
3261,clay,粘土
3262,newest,最新の
3263,sitting,座っている
3264,careful,注意した
3265,hoped,望んだ、期待した
3266,birds,鳥(複数)
3267,storm,嵐
3268,floppy,フロッピー
3269,Nellie,ネリー
3270,everything,すべて
3271,models,モデル(複数)
3272,finding,探している
3273,Miami,マイアミ
